question,content
,
"Does not have BatchGetImage permission - While deploying model in sagemaker,Permission denied (publickey) when deploying heroku code. fatal: The remote end hung up unexpectedly,ValidationError when creating a SageMaker Model,ValueError while deploying tensorflow model to Amazon SageMaker,How to solve the error with deploying a model in aws sagemaker?,how to deploy the custom model in amazon sageMaker,How to deploy a custom model in AWS Sagemaker","I am Able to train my modelusing Sagemaker TensorFlow container.,Below is the code:,Model Fitting:,But when i ama trying to deploy model i ama getting this below error:,Deploy code is:,Error is:,UnexpectedStatusException: Error hosting endpoint tf-fashion-mnist-2020-09-23-09-05-25-791: Failed. Reason:  The role 'xyz' does not have BatchGetImage permission for the image: '520713654638.dkr.ecr.us-east-1.amazonaws.com/sagemaker-tensorflow-serving:1.12-cpu'."
"Can I connect Redis with MongoDb directly?,How to query MongoDB with “like”?,How to atomically delete keys matching a pattern using Redis,How to secure MongoDB with username and password,How do I run Redis on Windows?,How do I delete everything in Redis?,How do I drop a MongoDB database from the command line?,How can I list all collections in the MongoDB shell?,Redis sentinel vs clustering,Mongodb VS Redis - Performance benchmarks - Which DB should be used for Cache?",I am a novice to using Redis. We use MongoDB in our application. I am thinking of implementing an automatic cache where Redis will connect to MongoDb and fills its cache from MongoDB automatically. Is this possible? Is there any connector available for mongo db from Redis?
"How to get measurements[].value from actuator/metrics/tomcat.sessions.active.current/ using springboot metrics,How do I get ASP.NET Web API to return JSON instead of XML using Chrome?,Representing null in JSON,Decoding JSON using json.Unmarshal vs json.NewDecoder.Decode,Convert a object into JSON in REST service by Spring MVC,Spring MVC - How to return simple String as JSON in Rest Controller,How to rename json objects(variables) name in spring boot,cant connect mysql databse using spring boot error HTTP Status 404 the requested resource is not available,How to do a GET with Android on a Spring Backend,Spring Boot: how can I parse a JSON which consists of an array of objects and use a path variable to get a specific value?","I'm using spring boot metrics and I need Value of ""http://localhost:8080/actuator/metrics/tomcat.sessions.active.current/"". By using this url I'm getting JSON response mentioned below.
{""name"":""tomcat.sessions.active.current"",""description"":null,""baseUnit"":""sessions"",""measurements"":[{""statistic"":""VALUE"",""value"":0.0}],""availableTags"":[]}.,But my requirement is ,""value"":0.0, from the measurements array from above json.,Please help me how can I achieve this using the URL."
"Duplicated users in Azure AD,Add Office 365 users to AD in VM in Azure,Azure Multi-tenant application,Azure AD and Office 365 authentication for apps,Azure AD “Description” field missing when sync'd using Azure AD Connect,Can deployment be done for mass on azure AD,setting up Azure active directory found in a different office 365 tenant account and azure storage,Azure AD Auditing,What Is The Difference Between An Azure Tenent, Azure Directory and Azure Active Directory?,Offboarding an Azure AD synchronized user,Syncing External Azure AD users in B2B collaboration","I've set up Azure AD Connect on my server and synced users to Azure AD.,Now I have several users wich are duplicated - for eaxample...,It seams like the latter is synced but with wrong ""user principal name"".,Question 1:
Can I just delete both accounts and let it sync again?,Question 2:
If I delete a user in Azure AD, will it delete the user in Office 365 and all his mails?"
"Any way to grab struct from DLL using dlsym (Dynamic Linking) without header file (.h)?,Expression must be a modifiable lvalue pointer-to-char parameter,How to print the value of const void*,Function Pointer assignment works in C but not C++,Difference between inotify and epoll,Calling Const function pointer,Read n bytes in a char array and return it as a double,Writing to an Output File,const qualifier for nested template functions in c++,Cannot instantiate abstract class, but double checked overriding of virtual functions","I have been looking everywhere for this question, but I cannot seem to get the answer for this.
So, every example I have been to is simply how to grab function pointers from SO file, which I have done. However, let just say I have this compiled as my .SO file:,(these codes compiled into libsampleso.so):,sampleso.hpp:,sampleso.cpp:,now, compiled, I've got these out of ""objdump -T libsampleso.so"": car (the struct) and _Z9fillCarIDv (the function).,if the return value of _Z9fillCarIDv() (aka fillCarID()) is normal datatype (e.g. string or int), it's easy with dlsym. However, for this I need to cast the struct first and then the function. I've tried creating an empty struct, and then cast dlsym to it:,but seems to be impossible to use that as the datatype for the function:,Anyone ever tried to grab a struct using dlsym ,without .h file,?,Also, how do you deal with the elements from the struct grabbed by dlsym? I know that you don't have the proper elements listed without .h file, and obviously some pointer shifting is necessary, but can anyone give me an example of how to do it?,Thanks"
"Why i'm getting conflict?,What is causing ERROR: there is no unique constraint matching given keys for referenced table?,Postgres unique key with multiple null columns,Postgres conflict handling with multiple unique constraints,ON CONFLICT DO UPDATE/DO NOTHING not working on FOREIGN TABLE,No unique or exclusion constraint matching the ON CONFLICT,Postgres UPSERT syntax confusion,postgres insert on conflict error - there is no unique or exclusion constraint,POSTGRESQL: ERROR: there is no unique or exclusion constraint matching the ON CONFLICT specification,How to use ON CONFLICT with a primary key on a foreign table,Postgers: No unique or exclusion constraint matching ON CONFLICT specification when using a primary key and a UNIQUE column","I have a table (,test,) with following fields:,where ,id, is defined as index,I'm running the following query:,but I'm getting:"
"PptxGenJS add chart show nothing,Line charts not working properly in PowerPoint in v2.1.0 of PptxGenJS,Show or hide element in React,How do I conditionally add attributes to React components?,How to add multiple classes to a ReactJS Component?,is it possible to run two different versions of ReactJS on the same page?,Python pptx: “Show legend without overlapping the chart”,How can I make webpack treeshake my ES6 module?,JSDoc does not work in local package in a Lerna monorepo project using webpack dev server but works when released to package registry,Official documentation and examples of Office UI Fabric / Fluent UI React Charts?","I am working with an export function by using ,PptxGenJS,. It does not work ,even with basic example code from demo source code on official Github,. I am working with export charts.,My steps:,The result:,My notable package versions:,My environment versions:,Both two versions of ,Pptxgenjs, do not work.
Any thoughts on this? Thanks for any idea. I'm giving up on this library."
"Python AWS Max retries Errno 111,How do I merge two dictionaries in a single expression in Python (taking union of dictionaries)?,What are metaclasses in Python?,Does Python have a ternary conditional operator?,How to get the current time in Python,How do I concatenate two lists in Python?,Manually raising (throwing) an exception in Python,Does Python have a string 'contains' substring method?","I have two servers (one flask and one grafana) running on two separate docker containers in a single server. To avoid http calls between the two servers, I configured both to use the host's network using ,--net=host, during docker run. I use ,requests, library in python to make API calls and ,localhost:<port>, as the server's url. I get ,HTTPConnectionPool(host='localhost', port=3000): Max retries exceeded with url: /login (Caused by NewConnectionError('<urllib3.connection.HTTPConnection object at 0x7f1123be4820>: Failed to establish a new connection: [Errno 111] Connection refused')), when my python server tries to call the grafana server and the weird part is, the problem goes away temporarily if I restart the server. I could not figure out what is causing the issue., ,
To give some background, I have hosted the server on AWS. I manually logged into the flask container and tried to call the same grafana end point using ,curl, and that gave me a response. Not sure what is wrong with the python server itself. Please help me resolve this. Thanks in advance. "
"Why am I receiving an error when trying to add a Button to a GridPane?,Why do I get an UnsupportedOperationException when trying to remove an element from a List?,Type mismatch in key from map: expected .. Text, received … LongWritable,GridBagLayout not working correctly,Can someone show me a simple working implementation of PagerSlidingTabStrip?,Compiler Errors when trying to install a button in android studio,Libgdx stage issue,setText on button from another activity android,Error message Define the main method as Public static void main(String[] args),Cannot use root.getchildren(), only root.getchildrenunmodifiable()","I'm getting an error for grid.add(button, c, r); saying ""the method add(node, int, int) in the type GridPane is not applicable for the arguments (Button, int, int)"". This is such a trivial thing but I cannot figure out what's wrong. I know it's saying I'm trying to put a Button where a node is supposed to be, but I've looked up examples of buttons being added to gridpanes and they have this exact syntax with no issues.,Sorry if this has been asked/answered previously, I couldn't find any question that was the same as this.,public class Demo extends Application {,}"
"How can I set custom template for item in list and than use it inside `v-for` loop?,VueJS access child component's data from parent,Vue template or render function not defined yet I am using neither?,How to access bound key of Vue.js list item?,How can I wrap each element in a slot?,How to pass state between components?,Vue transparently wrap component, modify some props,Using list items inside component - Vue2,How do I pass an item in a Vuex list to a component?,Vue props undefined when passing from parent component to child component","What I want to achieve is something like:,But anyway I don't like at all this solution. The idea of defining ,Component, key for an item in items list is hard to maintain since at least it is hard to write it in template-style way (usually we are talking about too long HTML inside). Also I don't like to wrap ,item.Component, inside ,div,.,Does anyone know the best-practice solution for this and where Vue describes such case in their docs?"
"How to autocomplete paths in prompt-toolkit,How to reuse completions from PathCompleter in prompt_toolkit,How can I represent an 'Enum' in Python?,How to flush output of print function?,How to copy a dictionary and only edit the copy,Why is “1000000000000000 in range(1000000000000001)” so fast in Python 3?,How to get absolute path of a pathlib.Path object?,How to reuse completions from PathCompleter in prompt_toolkit,Using cmd module: how to have sub-commands documented in `help` and integrated with autocomplete?,Filter list while typing and select entry","I have seen this question: ,How to reuse completions from PathCompleter in prompt_toolkit,.,My question is: How to make a custom path completer that can complete paths.
I have some commands like ,cd,, ,foo,, ,bar,..., I would not like to autocomplete them (just the PATH)
Also the completer should work with any command. For Example ,foo <PATH>, or ,oof <PATH>,(Means that i dont want to hardcode the commands)."
"Installation of docker-ce denanded deb,Debian: deb command not found. How can i fix it?,How is Docker different from a virtual machine?,How to get a Docker container's IP address from the host,How to remove old Docker containers,Copying files from Docker container to host,Copying files from host to Docker container,How to copy Docker images from one host to another without using a repository,From inside of a Docker container, how do I connect to the localhost of the machine?","in Kubuntu 18.04 I installing docker-ce :,I found a possible decision, but got next error :,Is it some additive package and which is valid way to install it ?,Thanks!"
"Getting SSLHandshake exception for every url,Spring remoting using Https and tomcat,Resolving javax.net.ssl.SSLHandshakeException: sun.security.validator.ValidatorException: PKIX path building failed Error?,URL Connection giving certificate path error,specify ciphersuite for tls handshake,Javamail - Could not connect to SMTP host,Soap request over Https in java using client stub,Heroku War Deploy SSL Error,Java - Unable to read image by url,c3p0 and Heroku postgres, issues with SSL","I am getting below error for any url over the internet. In other machines my code is working but in mine its not.,I have tried importing the certificate using keytool but its not helping me either."
"Strip output from ps command in unix,How to get the source directory of a Bash script from within the script itself?,How to call an external command?,How do I parse command line arguments in Bash?,What do 'real', 'user' and 'sys' mean in the output of time(1)?,How can I check if a program exists from a Bash script?,How to reload .bash_profile from the command line?,How do I set a variable to the output of a command in Bash?,Running shell command and capturing the output,How to change the output color of echo in Linux","I need to return only partial output from ps -ef command either using awk/sed/.. Below is the command that i am running.
I need the value returned only for weblogic.home ( /u01/app/xxxx/product/fmw/wlserver/server ) from the entire output. The weblogic.home value might be in the middle of the output as well .. so i need to cut with keyword weblogic.home to retrieve the value.,$ps -ef | grep weblogic.home | grep -v grep | head -1,test 26263 26206  0 Aug02 ?        07:26:15 /u01/app/xxxx/jdk1.8.0_251/bin/java -server -Xms256m -Xmx512m -cp xxxxxxx/server/lib/weblogic-launcher.jar -Dlaunch.use.env.classpath=true -Dweblogic.Name=xxxxxxx -Dweblogic.ProductionModeEnabled=true -Dweblogic.nodemanager.ServiceEnabled=true -Dweblogic.nmservice.RotationEnabled=true -Xms4096M -Xmx4096M -XX:+UseG1GC -XX:ParallelGCThreads=8 -XX:ConcGCThreads=2 -XX:MaxGCPauseMillis=500 -XX:+ScavengeBeforeFullGC -XX:+PrintGC -XX:+PrintGCDetails -XX:+PrintGCTimeStamps -Xloggc:GCLogs/xxxxxxx_gc.log -XX:+UseGCLogFileRotation -XX:NumberOfGCLogFiles=10 -XX:GCLogFileSize=10M -XX:+HeapDumpOnOutOfMemoryError -Doracle.jdbc.fanEnabled=false -Djava.system.class.loader=com.oracle.classloader.weblogic.LaunchClassLoader -javaagent:/u01/app/oracle/product/fmw/wlserver/server/lib/debugpatch-agent.jar -da -Dwls.home=/u01/app/xxxx/product/fmw/wlserver/server -Dweblogic.home=/u01/app/xxxx/product/fmw/wlserver/server -Dweblogic.management.server=http://xxxxxxxx:xxxxx weblogic.Server,So the actual output that i need is,$ps -ef | grep weblogic.home | grep -v grep | head -1,/u01/app/oracle/product/fmw/wlserver/server"
"window.addEventListener / window.onload not working to write to specific div,How to write inside a DIV box with javascript,JavaScript innerHTML not working,Make a div fill the height of the remaining screen space,How do JavaScript closures work?,How to horizontally center a <div>,How can I make a div not larger than its contents?,How to insert an item into an array at a specific index (JavaScript)?,Generating random whole numbers in JavaScript in a specific range?,How to make a div 100% height of the browser window,Writing files in Node.js,window.onload vs $(document).ready(),How can I remove a specific item from an array?","I want to add a table to the div contents according to user input, somehow the table does not show even though the prompts starts. html as below:,i have tried ,this, and ,this,, but still not working,if i use document.write for the whole page instead, the links in the page does not work"
"Randomise blocks of values,covariance matrix from a community list with grouping factors,How to add a non-overlapping legend to associate colors with categories in pairs()?,Working with pairs of related columns (dplyr, tidyr, data.table),Looking for same values in two different columns in data.table,How to one-hot-encode factor variables with data.table?,Using dcast.data.table to transform from long to wide only for subset of column values,Need assistance in reshaping the data,Create new data.table columns based on other columns","I have a dataset where I have several variables - measurements of length, width etc - and a grouping variable - line. I want to randomise the data in such a way that the between line variances remain, but line covariances among variables are broken.,Using iris as an example, here I can get the blocks of values for each species to stay together and get randomised to new species for each trait individually - exactly as I want - but it is also putting NAs in the data. How can I get this to reduce so that the shape is the same as the original data?"
"How to implement query filters and sorting using Graphql SPQR?,What is the point of naming queries and mutations in GraphQL?,How to write filtering query with graphql?,GraphQL Spring-boot Query filtering,ValidationError FieldUndefined SPQR GraphQL,How to implement Subscriptions using Graphql SPQR?,Filtering nested fields, or mapping types to queries,GraphQl Java, How can I blindly return all variables associated with an object from query and question on handling sub classes,Sorting results in AWS Amplify GraphQL without filtering","How to implement query filters and sorting using Graphql SPQR?,I'm looking for a solution with Graphql SPQR for schema which looks something like this."
"Using contents of a .txt in batch,How can I pass arguments to a batch file?,Batch file to delete files older than N days,Split long commands in multiple lines through Windows batch file,How can I echo a newline in a batch file?,Windows batch files: .bat vs .cmd?,What is the current directory in a batch file?,How to delete all folders from the system drive from the command line,How to “comment-out” (add comment) in a batch/cmd?,Batch Count .txt Files and echoing filenames after function based on count,Sort Datewise through FOR from BATCH file","I want to make a program that at first run asks you for a directory for a file and stores it in a .txt then on the next run uses the contents of the .txt and doesn't ask you for a directory again.,The storing part i can do but the using the contents o the .txt i can't figure out.,This is what i've done so far if you are curious"
,
"Is Lua 5.3 compatible with Emscripten c++? How do I use it?,What are the differences between a pointer variable and a reference variable in C++?,How do JavaScript closures work?,How do I check if an element is hidden in jQuery?,How do I remove a property from a JavaScript object?,The Definitive C++ Book Guide and List,How do I redirect to another webpage?,What is the “-->” operator in C++?,How to check whether a string contains a substring in JavaScript?,How can I remove a specific item from an array?,C++11 introduced a standardized memory model. What does it mean? And how is it going to affect C++ programming?","I'm trying to compile a C++ project that uses it but it doesn't work. What compiler flags am I supposed to use?,I'm currently doing,emcc -s USE_SDL=2 -s USE_SDL_IMAGE=2 -s USE_SDL_MIXER=2 -s USE_OGG=1 -s USE_VORBIS=1 -s USE_LUA=53 -o game.html game.cpp,but its not working. The error it says is,fatal error: 'lua.hpp' file not found. how am i supposed to do this?"
"Copy a image from a folder, using a TXT file as the list,Standard concise way to copy a file in Java?,How do I copy a file in Python?,How do I create a Java string from the contents of a file?,Undo working copy modifications of one file in Git?,Writing a list to a file with Python,How to read all files in a folder from Java?,List changes unexpectedly after assignment. How do I clone or copy it to prevent this?,How to read a file line-by-line into a list?,Download a single folder or directory from a GitHub repo","i have ""reject.txt"" file with 50 barcodes.
i have folder ""images"" with 300 images.
i would like to query ""Images"" folder with the ""reject.txt"" and copy the images to a folder called ""Check""
when i leave the second last ""ECHO."" it seems to work as expected. but with NO result.
@echo off
REM setup some variables
set file_list=C:\temp\reject.txt
pause
set target_dir=C:\temp\check
pause
for /f ""tokens=*"" %%i in (%file_list%) do (,REM remove the ECHO here if output looks good
pause
ECHO. copy ""C:\temp\reject "" %%i"" %target_dir%,)
pause
echo.
Done!,script result
"
"Suggest any open source data lineage tool compatible with web applications,Set up a scheduled job?,Peak detection in a 2D array,How to decide when to use Node.js?,Open source Web Application Test Automation tool","Suggest any open source data lineage tool compatible with web applications. I want to know about the methods through which i can establish connection between data lineage tool and web application
I am a fresher in this development area. So can anyone help?"
"Type error cannot read property undefined in angular 8,Angular2 NgModel not getting value in Jasmine test,angular 2 ng-bootstrap type ahead component - Can't bind to 'ngModel',Angular error: “Can't bind to 'ngModel' since it isn't a known property of 'input'”,AcquireToken Observable errors before returning token,Angular HTTP request error: “post valid request”,Placeholder in mat-autoComplete does not work as illustrated in the Angular Material Documentation,Angular 6 - ERROR TypeError: “this.router is undefined”,angular7 ag-grid this.http is undefined error,TypeError: Cannot read property 'invalid' of null - Angular Reactive Forms",
"tap outside edittext to lose focus in dialog fragment,How to stop EditText from gaining focus at Activity startup in Android,Android: show soft keyboard automatically when focus is on an EditText,Tap outside edittext to lose focus,How can I save values of editText that are dynamically created in a dialog Window within an xml file? - Android,How to make a edittext box in a dialog,RecyclerView Jumps to Top when scrolling through feed","I'd like to have my edittext lose focus and close the keyboard when clicking outside of it. I've found some really nice answers to this question that work for activities but I can't seem to figure it out inside my dialog fragment. I'm using a separate class to hold my alert dialog builder, something like this:"
"I'm trying to run a basic SpringBoot code but it is throwing a couple of errors which I couldn't figure it out. Please help me with this,How to deploy a spring boot MVC application in traditional tomcat webapps folder?,Spring Boot @autowired does not work, classes in different package,No qualifying bean of type 'javax.persistence.EntityManager' available: expected single matching bean but found 2,Spring Solr Repository,spring boot database error datasource ""org.springframework.boot.autoconfigure.orm.jpa.HibernateJpaConfiguration”,my spring-boot 2.x project occurs runtime error(java.lang.AbstractMethodError) like following message,Spring Boot @SpringBootTest gives NoClassDefFoundError: …DataAccessException,Spring boot 2.0.3.RELEASE, Spring data rest, application error, failed to start,Error creating bean with name 'projectingArgumentResolverBeanPostProcessor',@RepositoryRestResource did not work Spring boot 2.2.1.RELEASE. while running occured error RegionRepository must only contain a single path segment",
"Kaltura DRM integration with AVPlayer without using Playkit,Using AVPlayer to play DRM protected songs,DRM support in android,Android MediaPlayer, Exoplayer and WideVine DRM,Play DRM Content with Flutter/React Native on IOS and Android,Not able to play DRM content in Chrome headless mode,How to implement DRM in react native?,How does Android play DRM content after decryption?","I do have Kaltura DRM Protected content which needs to be played on AVPlayer. But while going through the Kaltura Documentation it was using Playkit to play Kaltura DRM protected content, but I want to integrate Kaltura DRM content with Native AVPlayer. Anyone has any success on doing it as I cannot see any documentation for the same.,Thanks in advance."
"problem in visualization of data using seaborn,Why can't Python parse this JSON data?,Peak detection in a 2D array,Matplotlib plots: removing axis, legends and white spaces,UnicodeEncodeError: 'ascii' codec can't encode character u'\xa0' in position 20: ordinal not in range(128),How do I write JSON data to a file?,Separation of business logic and data access in django,“Large data” work flows using pandas,Seaborn plots not showing up,Seaborn: countplot() with frequencies,Subplot for Seaborn lmplot","enter image description here,the output here is only showing the distribution for 1 category of data and isnt showing for the other category
How can this be rectified? what can be the reason?"
"What is the meaning of this code in React Native and Typescript?,get and set in TypeScript,How to convert a string to number in TypeScript?,Loop inside React JSX,Hide keyboard in react-native,What is the difference between using constructor vs getInitialState in React / React Native?,What do these three dots in React do?,Programmatically navigate using react router,What is the difference between React Native and React?,TypeScript: Interfaces vs Types,What is the meaning of 'No bundle URL present' in react-native?","I have read some codes of my company's project and see something strange and do not know what it is.,What is the meaning of the last '&' and an object { invalidMail?: string, ... }?,Does anybody know how this code affect InputValidation component? Thank in advance."
"Pandas groupby throwing up ValueError,Converting a Pandas GroupBy output from Series to DataFrame,Add one row to pandas DataFrame,Selecting multiple columns in a pandas dataframe,Renaming columns in pandas,Adding new column to existing DataFrame in Python pandas,Delete column from pandas DataFrame,“Large data” work flows using pandas,How do I get the row count of a pandas DataFrame?,How to iterate over rows in a DataFrame in Pandas,Get list from pandas DataFrame column headers","this is part of my pandas df. I wish to group ober category and sum data and keep unique location in list,What am I doing wrong? I would like to put unique location in groupby column.."
"why my methods are not defined on the instance,Why don't self-closing script elements work?,What is the preferred syntax for defining enums in JavaScript?,Why is using “for…in” for array iteration a bad idea?,Detecting an “invalid date” Date instance in JavaScript,What is JSONP, and why was it created?,Why does Google prepend while(1); to their JSON responses?,JavaScript check if variable exists (is defined/initialized),Why does ++[[]][+[]]+[+[]] return the string “10”?,Why does my JavaScript code receive a “No 'Access-Control-Allow-Origin' header is present on the requested resource” error, while Postman does not?","i currently learn about vue js and making my little full-stack project. i want the data from form is send to the backend. and this is my vue component,before add post request function, i want to make sure when i click the button the data show up in the console. instead of data, i got this error,i don't understand the error, i've been search for the answer but the error still there. any answer would be appreciated. thanks in advance !"
"What is the meaning of std::stack<int,std::vector<int>> s1;,What are the differences between a pointer variable and a reference variable in C++?,What does the explicit keyword mean?,What is the difference between const int*, const int * const, and int const *?,Why is “using namespace std;” considered bad practice?,What is the “-->” operator in C++?,What is The Rule of Three?,Undefined behavior and sequence points,C++11 introduced a standardized memory model. What does it mean? And how is it going to affect C++ programming?,Why should C++ programmers minimize use of 'new'?,Image Processing: Algorithm Improvement for 'Coca-Cola Can' Recognition","What is the meaning of ,std::stack<int,std::vector<int>> s1;, in C++.
Can anyone clearly explain to me what is the meaning of the above statement...
Is it a stack of vectors?,Why are we adding a stack inside a vector?,It would be really helpful if anyone could answer at the earliest."
"Laravel: How to save checkbox value,Can HTML checkboxes be set to readonly?,Setting “checked” for a checkbox with jQuery,How do I check whether a checkbox is checked in jQuery?,Check if checkbox is checked with jQuery,How to style a checkbox using CSS,How to create a checkbox with a clickable label?,Error 500 (Internal Server Error) ajax and laravel,500 server error on submitting a user create form,problem Integrity constraint violation: 1048 Column,Validate 'required' doesn't work for updating form in laravel6","I get this error, when I submit the form,Please help. Sorry for the noob question. I've been searching but the examples are different.,edit.blade.php,controller"
"Validate multiple recaptcha (V2) on form (both form) submit in php,jQuery form validation problem,Using reCaptcha, Lightbox, and Drupal's Form API together,Recaptcha documentation unclear - and cross-site error testing it,Google reCaptcha - How to get g-recaptcha-response - without FORM TAG,Google recaptcha not validating on server side the second time,reCAPTCHA in Angular2Dart,My recaptcha render doesn't work and return 0","I have two form on same page now i am validation form when google captcha response came at that time one is validating another is not validate response show blank
below script rendering captch,##form1
For this form google recaptcha is working fine onsubmit function also working fine
but for second function onsubmit validation is not happening it means response shows blank,##form2,here when I submitting second form response comes blank"
"test function that returns ReactNode with Typescript and Jest,How do you explicitly set a new property on `window` in TypeScript?,get and set in TypeScript,Are strongly-typed functions as parameters possible in TypeScript?,How to convert a string to number in TypeScript?,TypeScript: Interfaces vs Types,Cannot mock a module with jest, and test function calls,How to push to History in React Router v4?,jest, enzyme - testing a method that returns jsx,Why is my jest test failing in React native with typescript?","I am trying to test a function that returns a ,React.ReactNode, type, something like this:,I am trying to write unit tests for it but I am not sure how I can confirm that the functions return the correct ReactNode.,This is an example of the test:,I am not sure I can confirm the ,result, is what I am expecting? For instance how do I check the  function return the ,<Redirect />, ?"
"Laravel PayPal Multivendor System,Using Paypal Adaptive Payments API like Kickstarter uses Amazon Payments?,Android PayPal adaptive payment integration,PayPal Adaptive Payments IMPLICIT Pay API,Paypal REST API Adaptive / Multiple Payments (change payee),PayPal Adaptive Payments REST API or classic?,Paypal Adaptive - 3 way paments (without taking the user to Paypal site),Paypal mass payment each recipient payment status,Laravel Paypal API single payout","I am trying to develop a multivendor payment system in Laravel where each user is able to add their PayPal ,client_id, and ,client_secret,. So that each user is able to receive their payment in their own account.,If I understand correctly, so far Paypal adaptive allows for such kinds of system. However, it adaptive payment ,doesn't support, any more new accounts/implementation.,So any suggestion that how can I achieve that? Any resource to tutorial for that?"
"How to make async become sync,How do JavaScript closures work?,How do I check if an element is hidden in jQuery?,How do I remove a property from a JavaScript object?,How do I redirect to another webpage?,How do I include a JavaScript file in another JavaScript file?,How do I make the first letter of a string uppercase in JavaScript?,How to replace all occurrences of a string?,How to check whether a string contains a substring in JavaScript?,How can I remove a specific item from an array?,How do I return the response from an asynchronous call?","I'm still trying to figure out how the async/await works.,How can I achieve output as below?,I try to make func2 as async and await the setTimeout, but then they whole func2 become async function.  So it will print out this instead:"
"CreateJS, How To Load SVG As Vector, Not Bitmap,Concatenating two std::vectors,Strange out of memory issue while loading an image to a Bitmap object,How to find out if an item is present in a std::vector?,Save bitmap to location,How to convert a Bitmap to Drawable in android?,How to convert a Drawable to a Bitmap?,Do I use <img>, <object>, or <embed> for SVG files?,How to change the color of an svg element?","I'm trying to use CreateJS to load SVGs and place them on top of each other (with x, y, and rotation), while keeping them in vector form.  Below is my code.  The problem is that I have to use the Bitmap object, and it keeps rasterizing my SVGs.,I've looked at Snap (I don't understand the Docs), and I've looked at ReactJS (but that doesn't seem to be a solution for me).  Can anyone recommend how I can display SVGs with x, y, and rotation, while keeping them in vector form?  Thank you.,View a screen shot to show what I mean"
"MS Access - Conditional Formatting in Continuous Form on Specific Cells,Conditional Formatting based on previous cell value,Conditional formatting cells based on sum of ajacent text values,Conditional formatting of more than one blank cells,Conditional Formatting for 100% does not work,Conditional formatting VBA multiple conditions,Conditional formatting based on cell above","I'm working on Access and I have a question to ask on conditional formatting. As you can see in the picture I have 2 columns of data, L/I and Unit Price.,What I want to do is whenever there is duplicated L/I appearing in the data, conditional formatting will,I have done the first part as shown in the picture but I am clueless on the expression to be used for the second part. Not sure if I have articulated my concerns accurately but thanks in advance for attending to this question. Your help is sincerely appreciated.,What my continuous form looks like:"
"what is the best security postgres DB connecting unity?,How to reset postgres' primary key sequence when it falls out of sync?,psql: FATAL: Ident authentication failed for user “postgres”,Where are my postgres *.conf files?,How to drop a PostgreSQL database if there are active connections to it?,postgres: upgrade a user to be a superuser?,Postgres could not connect to server,Getting error: Peer authentication failed for user “postgres”, when trying to get pgsql working with rails,Node/Sails/Node-Postgres, best practice for storing connection string,What is the default password for Postgres,Connect Unity App to mySQL database","what is the best postgres DB connect unity?,Unity is known to be very vulnerable to security, so connecting a db directly with Unity was considered very unsafe, so unity -> php -> db
I am trying to make it like this. However, I found a problem with this method.,is that php security is as weak as Unity.,Do you know which method is the best way to connect postgresql to unity?,i know this question is subjective  but
I don't know where to ask these things
Or can you teach me where to ask these questions?"
"Publishing to NPM while using Webpack loaders and plugins,How can I update NodeJS and NPM to the next versions?,Find the version of an installed npm package,How to uninstall npm modules in node js?,npm throws error without sudo,What is the difference between Bower and npm?,What's the difference between dependencies, devDependencies and peerDependencies in npm package.json file?,What is the --save option for npm install?,Managing jQuery plugin dependency in webpack,NPM vs. Bower vs. Browserify vs. Gulp vs. Grunt vs. Webpack,Do I commit the package-lock.json file created by npm 5?","I have a javascript library project.,I've been publishing it as CDN successfully using Webpack.,Now I'm trying to publish it as npm package as well.,The problem is that it's heavily dependent to Webpack pre-processing. It uses url-loader, DefinePlugin, Aliasing, and more. But I don't think I can use them when I publish to npm.,I'm trying to avoid simply publishing the minified/bundled javascript file. That's not a good practice for a npm package is it?,What's the nice way to deal with such situation? Do I have to remove all the dependency to Webpack?"
"Can't connect remote replica set by Public IP,Connect to replica set using mgo,Unreachable MongoDB replica set using MAMP,Mongodb, Boot2Docker, and Replica Set connections,Unable to connect to MongoDB Replica Set using public IP addresses,MongoDB Replica Set Connection not created on server,MongoDB Error: Unable to reach primary for set [set_name] when connect to mongo replica set,MongoDB replica-set starts on DESKTOP instead of localhost","I've setup MongoDB replica set on a single machine with 3 different port 27017, 27018, and 27019.,MongoDB connection works fine When I'm connecting from the same machine with the private IP(IPV4).,I'm getting an error when I'm trying to access the replica set remotely.,Cannot connect to replica set ""REMOTE SERVER IP"".
Set's primary is unreachable.,Reason:
No member of the set is reachable. Reason: Connect failed,I've tried with the robo3t and programming with below connection string.,Note: I can able to connect the standalone MongoDB with the public IP.,Thanks in advance."
"How to print Public methods of a Class without listing the Base class methods?,How do I test a private function or a class that has private methods, fields or inner classes?,Fastest way to determine if an integer's square root is an integer,What's the simplest way to print a Java array?,Comparing Java enum members: == or equals()?,Java: when to use static methods,How do I get a class instance of generic type T?,Static Classes In Java,How to fix java.lang.UnsupportedClassVersionError: Unsupported major.minor version,List view getListItemXmlAttributes method fails with child publication items,Proper use cases for Android UserManager.isUserAGoat()?","When I try to print the public methods of a class, it prints the base class methods too. Is there a way to just print the child class methods ?"
"How many spiders can we run in a scrapy?,How do I merge two dictionaries in a single expression in Python (taking union of dictionaries)?,How do I check if a list is empty?,How do I check whether a file exists without exceptions?,How to call an external command?,Is there a way to run Python on Android?,How can I safely create a nested directory?,How to make a flat list out of list of lists?,How can I add new keys to a dictionary?,How do I list all files of a directory?,How can I install pip on Windows?","I want to run many spiders with my scrapy. Does that make the crawling process slower or is there any limit for spiders to run? Is running many unlimited spiders makes the process slow ?,Is there anyone who is experienced with Scrapy?"
"Launch4J windres.exe preprocessing failed,Google App Engine Java app couldn't find javac?,Exception in Launch4j,How do I bundle a JRE into an EXE for a Java Application? Launch4j says “runtime is missing or corrupted.”,Launch4j redirect to download java version,Java application requires Admin Access to run when placed in Program Files,Did I skip necessary steps for my JRE and in Launch4j to cause my exe file to fail?,Launch4j: Error when choosing version number,Cannot run Launch4j (illegal access)","Launch4j was working fine yesterday, but after installing some stuff, Launch4J doesn't work anymore. This is the error I get.,Compiling resources
C:\Program Files (x86)\Launch4j\bin\windres.exe: preprocessing failed.
Generated resource file...,LANGUAGE 0, 1
2 RCDATA BEGIN ""14.0.2\0"" END
18 RCDATA BEGIN ""1\0"" END
30 RCDATA BEGIN ""2\0"" END
8 RCDATA BEGIN "".\0"" END
20 RCDATA BEGIN ""32\0"" END
101 RCDATA BEGIN ""An error occurred while starting the application.\0"" END
102 RCDATA BEGIN ""This application was configured to use a bundled Java Runtime Environment but the runtime is missing or corrupted.\0"" END
103 RCDATA BEGIN ""This application requires a Java Runtime Environment\0"" END
104 RCDATA BEGIN ""The registry refers to a nonexistent Java Runtime Environment installation or the runtime is corrupted.\0"" END
17 RCDATA BEGIN ""true\0"" END,net.sf.launch4j.ExecException: Exec failed (1): C:\Program Files (x86)\Launch4j\bin\windres.exe --preprocessor=type -J rc -O coff -F pe-i386 C:\Users\Aeon\AppData\Local\Temp\launch4j8028939194268498863rc C:\Users\Aeon\AppData\Local\Temp\launch4j5452645400176615875o,Its saying that C:\Program Files (x86)\Launch4j\bin\windres.exe: preprocessing failed, and I'm not sure what this exactly means or how to fix it."
"Travis CI - File travis.yml not found on RemoteVcs,Trigger a Travis-CI rebuild without pushing a commit?,How to run travis-ci locally,Trying to understand what Travis CI does and when it should be used,Example of Travis CI yml file for java,Travis CI build fails on pre-TCI pull requests: “Could not find .travis.yml”,GitHub - Travis ci job rejected,How to setup travis-ci with Laravel 5? InvalidArgumentException,Does the .travis.yml configuration file of Travis-CI support YAML directives?,Travis CI - Android Build Script,Travis CI Python failed to import 'requests'","I'm trying to trigger a build in Travis CI from GitHub. But when I go to view the jobs in Travis CI there is nothing there for the latest commit to GitHub. When I go to the Travis CI > Request I can see that my request has been received but it is rejected with the following error,Only builds triggered from the Travis UI are successful,yml file,Any help would be appreciated"
"Does Google Safe Browsing sometimes completely block access to the site just because the site has insecure files?,Chrome - Notify User to install your extension,How to force open links in Chrome not download them?,“CAUTION: provisional headers are shown” in Chrome debugger,Is my embedded Google Group blocked by FireFox because of an incorrect X-Frame-Options “Allow-From” value?,Auto Open Setup after Download [PHP],Google Chrome says “your connection to this site is not secure” on ubuntu, is it safe to use?,Google URL Safe Browsing(v4) lookup API is not working,Cookies no longer save for insecure sites in Google Chrome","https://www.google.com/chrome/privacy/whitepaper.html?hl=ko#extendedreport,I know that the following notification is exposed when trying to download an unsafe file by clicking on it by google safe browsing.,And I know that the following screen is exposed and completely block when you try to download an unsafe file automatically when you access the site.
,Does Google Safe Browsing sometimes completely block access to the site just because the site has insecure files? ( without attempting to download unsafe files )"
"python_terraform is not taking s3 backend,How do I merge two dictionaries in a single expression in Python (taking union of dictionaries)?,Should I put #! (shebang) in Python scripts, and what form should it take?,subprocess.call command for executing “ci -u <filename>”,Initial setup of terraform backend using terraform,Terraform s3 backend vs terraform_remote_state,No partial configuration for terraform_remote_state backend?,How to change the path for local backend state when using workspaces in terraform?,Terraform destroys resources while defining new one","As I am using python_terraform module to apply terraform.  I am creating a terraform backend file in python and running init, but after applying to terraform the state file is created locally"
"Why I get permission denied when I run login from awscli in jenkins with docker inside docker?,How to get a Docker container's IP address from the host,From inside of a Docker container, how do I connect to the localhost of the machine?,Permission Denied while trying to connect to Docker Daemon while running Jenkins pipeline in Macbook,How to use docker from inside Jenkins docker container,Docker mounted volume GID mismatch causes error: dial unix /var/run/docker.sock: connect: permission denied,Permission denied to Docker daemon socket at unix:///var/run/docker.sock,Windows docker: permission denied /var/run/docker.sock,configuration for Got permission denied while trying to connect to the Docker daemon socket does not save","I using docker-inside-docker to run my builds inside containers.,in the build process I need to login to aws using awscli.,The problem is I get permission denied error:,I run the jenkins from ,us-west-2, region. The docker repo is in ,ecr, ,us-east-1,.,So I install ,aws steps plugin, and I create aws credentials in jenkins.,I think I did everything right. So what else can I do?,I don't want to type in Jenkins file my access and secret key and pass them into the awscli command.,I try run in the container (inside ,withAws, section): ,cat ~/.aws/credentials, but I got file not file.,Dockerfile"
"When data is passed to Mongo Schema, Array elements get lost,Remove empty elements from an array in Javascript,Deleting an element from an array in PHP,Deleting array elements in JavaScript - delete vs splice,Get the first element of an array,Get all unique values in a JavaScript array (remove duplicates),Get the last item in an array,Remove empty array elements,How can I add new array elements at the beginning of an array in Javascript?,Using arrays to produce an output from a form. How do i change the order of this output?","I am building a quiz application using mongo and express.,and here is how my schema looks like,,for instance I have an object as below,and when I pass this object to schema liek below,it looses array element, it returns empty array,these are what I found online but still it does not work.
the same result.,can someone tell me what I am missing ?,and also the last one, array of object, in case we want to make not array of string and array of object, how am i supposed to fix my code?,Thank you so much in advance"
"Discord Bot To Mute The Voice Of People Using Voice Chat with the help of Python,Why do people write the #!/usr/bin/env python shebang on the first line of a Python script?,how to locate the voice chat that the discord bot is connected to,How a discord bot can join a voice channel in discord rewrite?,Discord bot command not working (Discord.py),Music Discord.js bot does not detect voice channel,Muting an Entire Discord Voice Channel (JS),Discord Js Lost on how to make a voice mute command,Discord bot not joining a voice channel (python)","I am 15 and I am trying to make a discord bot that mutes the voice of the participant using voice chat.
For this, I am using Python.
This is my code but it is not working as expected."
"Node js, Express - Unable to retrieve form data using post method,How to process POST data in Node.js?,How to retrieve POST query parameters?,Proper way to return JSON using node or Express,Setting Environment Variables for Node to retrieve,Node Js Express default limits,Angular 5 Post data with Nodejs - Wrong format of body,Unable to POST values by Postman Body form-data using Node API","My application has post route that accepts the data from postman client. I have written following code to retrieve value of form and print it:,Above code prints ,req.body.name --> undefined, rather than name value given in field name,I also tried following code:,Above code too prints ,req.body.name --> undefined, rather than name value given in field name.,Can anyone please guide me on to resolve the issue in retrieving field name?"
"How to make many res folders in one android project for multiple clients?,How to lazy load images in ListView in Android,How to get screen dimensions as pixels in Android,How do you close/hide the Android soft keyboard using Java?,How to stop EditText from gaining focus at Activity startup in Android,Is quitting an application frowned upon?,'App not Installed' Error on Android,Android error: Failed to install *.apk on device *: timeout,How to avoid reverse engineering of an APK file?","I am developing some app and i will sell a copy from it for many clients but with different ui for every client.,Now i want to make one master app then if there is some issue i want to fix it i can fix in only one project then build different apks for all clients.,First i want to include many res folders which every res folder has the ui, layouts and strings for one client like the following :,Now ,anwar, client has reported some issue then i want to fix it in this main project and build new apk with fixed issue for ,anwar, client but i should exclude another clients ,res, folders and iclude only this client res folder in apk building to keep the size of apk such as it has only one res folders.,How can i achieve that? Where can i change the client name in some file and it will include only its res folder when building the apk?,Now i have some issue also when i tried to make these res folders .. when i open any xml file i found this error :,it says ,URI is not registered (Settings | Languages & Frameworks | Schemas and DTDs),So how can i achieve that ??
Thanks in adavnce!"
"Find the max value in the last digit,Insert into … values ( SELECT … FROM … ),Add a column with a default value to an existing table in SQL Server,Can I concatenate multiple MySQL rows into one field?,Retrieving the last record in each group - MySQL,SQL Server query - Selecting COUNT(*) with DISTINCT,How to Join to first row,Finding duplicate values in a SQL table,Get all table names of a particular database by SQL query?,Get records with max value for each group of grouped SQL results","I am using MySQL 5.5. I am facing a problem on how to find the max value in the last digit.,For example below the table, I want to get the max value is detected the last digit. The result should be ,100-1-15,I am using below the SQL query, but doesn't work:,Hope someone can guide me how to solve it and can get the max code is ,100-1-15,. Thanks."
"Write Query in Parent Child like tree format,SQL Query for Parent Child Relationship,SQL “tree-like” query - most parent group,one-to-many query selecting all parents and single top child for each parent,How to query MongoDB with “like”?,sql parent child tree with sort order,SQL - Creating tree from parent and child columns,Add data to child table using parent data,How to write a SQL Server query to show comma separated child table columns left join with parent table","I am working on a MVC C# project and I have some complication for my SQL query. I have three tables,Both tables have a relationship,Level mapped to Level Details and Level Details mapped to both customer and Level,I want to show that data in tree format eg:,Parent: Customer Name  CustomerId  Customer Type,Child    Levelid  Leveldesc  city  state,The logic is when I click the Parent it shows the Child Levels.,I am Tried Like Query,Is it Possible to SQl Query?"
"How to get logs from remote device,How to log PostgreSQL queries?,How can I make a UITextField move up when the keyboard is present - on starting to edit?,How to have git log show filenames like svn log -v,The shortest possible output from git log containing author and date,When to use the different log levels,heroku - how to see all the logs,Getting current device language in iOS?,How do I log a Python error with debug information?,How to do logging in React Native?,Hide strange unwanted Xcode logs","Our iOS app has a subtle bug which is 100% reproducible on one of the team members’ device.,He is not a programmer, so he does not use XCode.,To investigate the bug, I plan to make a custom build with logging, ask him to launch it and reproduce the bug.,The question is where to write logs to and how to get them from his device with minimal friction.,I believe that logs must be written to some local file on iPhone, and then he send me this file say by email.,Are there any ideas how to make this sharing clear and easy for a non-programmer?"
Flopy MF6 Plotting specific discharge in cross-section view,"How to plot discharge vectors in cross-section view in Flopy MF6?,I know this plots for plan view:
quiver = mapview.plot_specific_discharge(spdis[0]),I tried to get specific discharge using the following code but got error:
AttributeError: module 'flopy.utils.postprocessing' has no attribute 'get_specific_discharge',hds_file = os.path.join(workspace, headfile)
hds = flopy.utils.binaryfile.HeadFile(hds_file),cbb_file = os.path.join(workspace, budgetfile)
cbb = flopy.utils.CellBudgetFile(fname, precision='double'),q = flopy.utils.postprocessing.get_specific_discharge(gwf,cbb_file, precision='single', kstpkper=(0,1),
hdsfile=hds_file, position='centers')"
"Suggest websites which give an authentication header when intercepted through burpsuite [closed],Detect when browser receives file download,Asp.Net MVC 4 User is authenticated even if not authorized,Authenticating to an API with a token,How to scrape a website that requires login first with Python,Why is it common to put CSRF prevention tokens in cookies?,Struts2 redirect from login interceptor,How to intercept all AJAX requests made by different JS libraries,Intercepting HttpErrorResponse and redirecting user to login page,How to attach an Authorization header with a token when using Leaflet js,NestJS Interceptors: Unable to set HTTP Headers on outgoing requests","Does anyone know of any HTTP websites which issues an authentication message when users try to access a directory only accessible by authorized users?
I just want the authorization header to appear on my interceptor.
I've tried intercepting several login pages but none gave the expected results.,Thank you in advance."
"Creating an Object type based on the parameters of multiple types under a union type,How to create a new object instance from a Type,Determine the type of an object?,Are strongly-typed functions as parameters possible in TypeScript?,Determining type of an object in ruby,Get a union type of an interface's member's types,Typescript union of Array and Object types,Loosely typed object with union type key in typescript,Strong types for a function getting a value from object,Get union type of recursive property in TypeScript,How to define a type omitting one shared prop from a union but including the rest of them along with union members' private props?","First, I'll just provide some background info:,I have the two interfaces that both inherit off of a common base.,I keep both in a union type so I can use it in an array that stores either of the two.,I have a type which stores all possible values of ,type, for the union type, and a function that only accepts those values.,Now, I'm trying to make a map of functions that will parse a given object as presented by ,Baz,, given its type, like so:,However, that map instead provides the union type itself instead of the correct interface for the given type.,Because of this, TypeScript does not provide me either ,name, and ,score, since either value does not exist in ,Foo, nor ,Bar,.,I am trying to get the map as I expected. So far, I haven't been able to properly create a map that accepts the correct type.,TL;DR: ,How can I create a Object type based on the parameter of a type?, (e.g. If the type is ,""foo"",, it will return a parser for ,Foo, (that doesn't accept ,Bar,), etc.)"
"In ts, I want the parameter of a function to be either a or b, for example:,How to require a specific string in TypeScript interface,Are strongly-typed functions as parameters possible in TypeScript?,How can I check whether an optional parameter was provided?,Typescript: How to define type for a function callback (as any function type, not universal any) used in a method parameter,How to pass optional parameters while omitting some other optional parameters?,How to implement class constants in typescript?,Simple typescript example of “supplied parameters do not match call signature of target”,Angular 4 HttpClient Query Parameters,Typescript: enum keys as parameter to function,Typescript: return multiple type regarding to parameter value,Manually curry an add function in TypeScript","In ts, I want the parameter of a function to be either a or b, for example:,I have been unable to find a solution."
"What is the right domain to set for rDNS/PTR record if I'm hosting my mail server on a subdomain?,sendmail and MX records when mail server is not on web host,How can I set the Sender's address in Jenkins?,SPF record for an mail server,Sending email from a different domain than the mail server's rDNS,Is there a way to set ptr record for my openshift application,AWS EC2 Reverse DNS (PTR) Failing,Mails from my server go to spam - how do I set up a rDNS and DKIM?,When using subdomain on mailgun how to receive emails sent to rootdomain?,How to route mails outside Mac Os X Server host","What is the right domain to set for rDNS/PTR record if I'm hosting my mail server on a subdomain say (mail.mydomain.com)? Should rDNS be the exact same domain I'm hosting the mail server on or the main domain I'll be sending from which is (mydomain.com) in this case?,I'm asking this because I'm a bit confused since I'll not use mail.mydomain.com to create email accounts obviously. But at the same time it's the domain that hosts the mail server itself.,I have a dedicated VPS for this mail server and I'm pointing mail.mydomain.com to the VPS IP."
"Multitenant Application in Vuejs [closed],Best way to make VueJS components in a client side,VueJS application with Auth0 authentication,How to pass a variable from twig to vueJS (symfony 2.8 and VueJS 2),Search in vuejs with laravel backend api,VueJS Memory Leak when Switching Routes,Dynamically show components depending on the current route, vuejs,vuejs conditional wrapper,How to test the contents of a dropdown list web-component with VueJS, typescript and jest","I want to develop multitenant application in vue and django. I know django very well. And also i can able to implement multitenant application in django very well. But i want to use vue for frontend. I've little bit knowledge about vuejs.,My Requirements is somethings like this.,i) Tenant specific routing
ii) Tenant specific component
iii) Default component for tenant.,I tried to search here and there but i didn't find any solid guide related to multitenancy. I've also no any idea regarding to multitenancy for frontend frameworks."
"How to Set Date Field in SQL to a Specific Time for WHERE Clause,SQL to Exclude Records Based on Hour Conditions Of GetDate() and DateTime Field,How can I prevent SQL injection in PHP?,How do I perform an IF…THEN in an SQL SELECT?,How to return only the Date from a SQL Server DateTime datatype,How to concatenate text from multiple rows into a single text string in SQL server?,Parameterize an SQL IN clause,SQL JOIN - WHERE clause vs. ON clause,INNER JOIN ON vs WHERE clause,How do I UPDATE from a SELECT in SQL Server?,SQL SELECT WHERE field contains words,How do I import an SQL file using the command line in MySQL?","I would like to create a new ,Date, field to be a specific time, based on a ,Date, field retrieved, to be used in the ,WHERE, clause.,Question:, How do I modify the above query to create a new field ,[ExpiryDateModified], to be ,12:00 (pm),, replacing ,[ExpiryDate], in the ,WHERE, clause?"
"First time added data not showing in recycleview,Improve INSERT-per-second performance of SQLite,Download a file with Android, and showing the progress in a ProgressDialog,Select first row in each GROUP BY group?,Why is subtracting these two times (in 1927) giving a strange result?,How to show a recyclerview on fragment from sqlite using cursor and looping,First Time show fetch data on recyclerview but the second time open recycleview not show data,Recycler view show updated list only after launching activity once again","WHen i using in may app recycle view and get data from sqlite databse.
But the question is - when first time added get data from database but recyclerview not showing it. And i also use swipe refresh view to reload data but not showing in recycle view.
And then i close app and reopen app then data show fine.
Why this kind of problem arrive.
Please help to solve it. Thanks in advanced"
"convert .rtf file into .pdf file, In .pdf file solid black box appered instead of large image,How to make PDF file downloadable in HTML link?,Merge / convert multiple PDF files into one PDF,Fast and Lean PDF Viewer for iPhone / iPad / iOS - tips and hints?,Convert PDF to image with high resolution,how to convert large image PDF file to PNG?,Issue when converting Base 64 encoded graphic image to PDF file,PDF XFA File convert to “normal” PDF file,Convert ALTO XML to formatted PDF/RTF/TXT?,Not able to open the large File Size PDF in IE 11","I am converting .rtf file into .pdf file on windows machine where adobe reader is not installed, In .rtf file there is a lagre image arrond size 300kb. when i convert it into pdf than solid black box appered instead of image in pdf file. when i convert this .rtf file into .pdf file on another machine where adobe is install and show large image option is also enable than it works fine. I unable to find out what is the issue of that. please help me out regarding this."
"Limiting the npm react-date-picker to show only last 30 days from today dynamically in react,How to return only the Date from a SQL Server DateTime datatype,How to subtract a day from a date?,Subtract days from a date in JavaScript,How to find the last day of the month from date?,Date components day difference between two dates wrong for today and tomorrow,React Day Picker to array of dates excluding Disabled days,Set min and max date on react day picker,how to disable past and today dates on react-bootstrap-date-picker node module for react js?,Disable all future days in React-Day-Picker?,Exclude future dates from a given date using React Datepicker","Show only last 30 days from today in npm react-date-picker dynamically in react.
Future dates from tomorrow should be disabled."
"So I am trying to refactor this javascript code of Chatserver.js given below by adding class into it [closed],How can I change an element's class with JavaScript?,How do I add a class to a given element?,$(document).ready equivalent without jQuery,How do I check whether a checkbox is checked in jQuery?,What is the JavaScript version of sleep()?,What is JSONP, and why was it created?,Why does Google prepend while(1); to their JSON responses?,Preview an image before it is uploaded,Why does my JavaScript code receive a “No 'Access-Control-Allow-Origin' header is present on the requested resource” error, while Postman does not?,Is it possible to apply CSS to half of a character?","Chatserver.js,enter image description here"
"Selenium C# Code Works But Need Waits or Delays,C# code to validate email address,How to maximize the browser window in Selenium WebDriver (Selenium 2) using C#?,Wait for page load in Selenium,Selenium c# Webdriver: Wait Until Element is Present,Selenium WebDriver: Wait for complex page with JavaScript to load,click() function on selenium not working in C#,Selenium using Python - Geckodriver executable needs to be in PATH,Explicit waits in Selenium C# doesn't work . What is wrong?,C# Selenium Shorthand Code","When I debug the code below and walk through the code line by line, it produces the correct results. But when I run it out of the debugger, I don't get the correct results. I think I need to have element waits but not familiar about those. Can someone tell me what waits I need to use? I put sleeps in the code randomly but that doesn't help."
"In SSMS for the variable “A”, “B”, and “C”, i need to use the variable as “A” OR “B” OR “C” for using it in SSRS,Select columns from result set of stored procedure,How to get rid of blank pages in PDF exported from SSRS,sql server invalid object name - but tables are listed in SSMS tables list,Programatically creating variables for use with IN statements,SELECT INTO a table variable in T-SQL,SSRS parameter help needed,Convert INT to VARCHAR SQL,Slow in SSRS but fast in SSMS,SQL Unfixable parameter sniffing? Takes Seconds in SSMS, Minutes in SSRS,INSERT INTO @Temp_Table VALUES from multi value SSRS Parameter","This is the below code I use for declaration.,In SSMS for the variable ""A"", ""B"", and ""C"", i need to use the variable as ""A"" OR ""B"" OR ""C"" for using it in SSRS report so I can search using ""A"" OR ""B"" OR ""C""."
"Updating snapshot html files with a docker container with React Snap,From inside of a Docker container, how do I connect to the localhost of the machine?,Nginx on kubernetes docker doing infinite redirect when generating conf,Copy static files from Docker container to non empty named volume,prerender.io with create-react-app on nginx not serving static files from project root rather pre-render root. Also react-snapshot not working,Cannot access exposed Dockerized React app on Kubernetes,Deploying React + Express App to Kubernetes. How to structure it with docker?,How to deploy docker container with azure devops in Kubernetes?,How to serve/update content from one Docker container in another","I'm using create-react-app and deploying a site in an nginx docker container on kubernetes. The site is prerendered using react-snap with the snapshot html files being copied into the container.,React-snap crawls the site and takes a static snapshot of every page at the time of build.,Is there any strategy I could use to periodically rebuild the snapshots within the image?,I'm testing this approach out as a possible alternative to server side rendering."
"venv can't find local Microsoft Visual C++ Redistributable,Finding local IP addresses using Python's stdlib,gevent/libevent.h:9:19: fatal error: event.h: No such file or directory,Relocating virtual environment project from local to server (flask project), have to install dependencies again?,Microsoft Visual C++ 14.0 is required (Unable to find vcvarsall.bat),PIP INSTALL CROSSBAR gives error: Microsoft Visual C++ 14.0 is required. Get it with “Microsoft Visual C++ Build Tools”:,Python package cx_Oracle==5.1.3 Microsoft Visual C++ 9.0 is required for,import win32service, win32api, win32con, winerror ImportError: DLL load failed: The specified module could not be found,Cannot import Pytorch [WinError 126] The specified module could not be found","I am new to ,venv, and have used it to create a virtual environment to work on the ,🤗 Transformers, repo. After cloning the repo, I tried running the test command provided on their website to see if it was installed correctly:,python -c ""from transformers import pipeline; print(pipeline('sentiment-analysis')('I hate you'))"",But I keep getting this:,OSError: [WinError 126] The specified module could not be found. Error loading ""C:\Users\Lobna\Desktop\premphil\env\lib\site-packages\torch\lib\asmjit.dll"" or one of its dependencies.,
,Microsoft Visual C++ Redistributable is not installed, this may lead to the DLL load failure. It can be downloaded at https://aka.ms/vs/16/release/vc_redist.x64.exe,I do have Microsoft Visual C++ Redistributable installed locally however, and when I tried cloning the repo on my local machine without any virtual environment, the test code worked perfectly fine on the local machine.,So it seems that ,venv, is unable to find the Microsoft Visual C++ Redistributable, and I am not sure how to make it accessible to it, or how to install a version within the virtual environment itself. Any tips on how to overcome this?,Thank you!"
"Sweet alert 2 redirect,How to manage a redirect request after a jQuery Ajax call,How do I redirect to another webpage?,New line in JavaScript alert box,setInterval alternative,PHP Sweet Alert Page Redirect,Sweet Alert 2 redirect on CANCEL,Sweet Alert 2 without npm,JSX instead of HTML in Sweet Alert","I have redirect to homepage function, if someone goes to the checkout page before making a purchase it works flawlessly,but when I combine it with sweetalert2, a few seconds of displaying an error before redirecting to the homepage,please help me with this code"
"Error : type 'String' is not a subtype of type 'Map<String, dynamic>' in type cast,How do I format a Microsoft JSON date?,Convert form data to JavaScript object with jQuery,Why does Google prepend while(1); to their JSON responses?,Google Gson - deserialize list<class> object? (generic type),Ajax request returns 200 OK, but an error event is fired instead of success,How do I POST JSON data with cURL?,Return JSON response from Flask view,'_InternalLinkedHashMap<String, dynamic>' is not a subtype of type 'Iterable<dynamic>' in type cast,How to identify “type 'List<String>' is not a subtype of type 'String' in type cast”","I have a response,jsonData['details']  will return String {macId:789101112},Parsing code :"
"How to nest a camera in a group in react three fiber,How do I adjust a desired rotation by the model's current orientation to the camera using quaternions (Three.js)?,What do these three dots in React do?,How to update nested state properties in React,bufferGeometry setFromPoints with react-three-fiber,Moving the orthographic camera around in react three fiber,Location based AR with Three.js (+ React) - camera configuration?,React-three-fiber with react-spring animations,Rotate cubetexture in Three.js","I'm at a loss to do this in react-three-fiber. I want to create a rig for a camera (which is straightforward in three.js). I put the camera inside of a group. If I want to rotate the camera around the Y axis, i change the rotation of the parent group. If I want to rotate it around the X axis, I rotate the camera itself. This way, I don't deal with gimbal issues (like if y rotation is 180 degrees then x rotation is inverted).,in three.js i would do:,But in react-three-fiber I don't know.,I have a camera I am using from useThree"
"Missing response headers in bad request 400,Proper WWW-Authenticate header for OAuth provider,How to get response headers of a request URL from UIWebView Delegates?,Adding Security Headers in response of spring MVC Application,Removing header from cached response with NGINX,HTTP response headers that cause side effects for other resources on the same origin,Response headers missing with http status code 102,Missing CORS headers in response from PHP/Apache2","As a security checks on website,
While I hitting request and if it is bad request then headers are not available for backend url with bad request 400.
Any reason for not showing response header in bad reuqest or do I need to do some configurations?"
"background color getting half screen?,Make a div fill the height of the remaining screen space,How do you get a timestamp in JavaScript?,How do I give text or an image a transparent background using CSS?,Change an HTML5 input's placeholder color with CSS,Get the size of the screen, current web page and browser window,Make body have 100% of the browser height,Why does HTML think “chucknorris” is a color?,CSS background image to fit width, height should auto-scale in proportion,Font scaling based on width of container,Is it possible to apply CSS to half of a character?",background  color getting half screen if I move to mobile mode in chrome?  I used width 100% height 100% but when change responsive mode I try to change mobile mode it's changed to half screen width only
"Flutter Infinite Drag and Drop Canvas,How to add a ListView to a Column in Flutter?,How to remove debug banner in flutter on android emulator?,Flutter: Drag and drop with Grid,How to set the width of a RaisedButton in Flutter?,Flutter create infinite screen,Rounded Corners Image in Flutter,How to make scrollable Drag and Drop in Flutter?,scrollbar with drag effect in flutter,Drag, Drop & Rendering in Flutter,Flutter Drag and drop listitem between multiple lists","The goal is to create a node editor as is common in many desktop applications.,
The interactive canvas is achieved using ,InteractiveViewer,.,
For the drawing the connecting edges while dragging a node a large background ,DragTarget, is needed that updates the end point of the edge with the ,onMove, callback.,
Unfortunately the actual endpoint also needs to be a ,DragTarget,.,
I cannot put the background ,DragTarget, behind the ,InteractiveViewer, because the ,InteractiveViewer, doesn't allow any interactions to go through.,
I cannot put the background ,DragTarget, behind the endpoint inside the ,Interactive, viewer,       because when panning and zooming it won't will the widget.,
Even when I transform the background ,DragTarget, the the inverse transformation of the ,InteractiveViewer, the hit testing is only performed in the original area, no matter what I set ,transformHitTests, to.,
My second idea was that a ,DragTarget, that returns false in ,onWillAccept, should test for DragTargets below. This is not the case.,I completely out of ideas and would love any input.,I tested on the master version (right now: 1.22.0-10.0.pre.331) and both macOS and Chrome."
"MongoDB Python list_database_names() Error,How do I merge two dictionaries in a single expression in Python (taking union of dictionaries)?,What are metaclasses in Python?,Does Python have a ternary conditional operator?,How to get the current time in Python,How do I concatenate two lists in Python?,Manually raising (throwing) an exception in Python,How to query MongoDB with “like”?,Does Python have a string 'contains' substring method?,Why is “1000000000000000 in range(1000000000000001)” so fast in Python 3?","I Am A Starter In Learning Mongo DB Atlas. I Am Facing A Error In This Code. While i print(only db) it returns a collection but the ,client.list_database_names(), doesn't work it gives me the following error given down below.,Traceback (most recent call last):
File ""main.py"", line 5, in 
db_list = client.list_database_names()
File ""/opt/virtualenvs/python3/lib/python3.8/site-packages/pymongo/mongo_client.py"", line 1915, in list_database_names
for doc in self.list_databases(session, nameOnly=True)]
File ""/opt/virtualenvs/python3/lib/python3.8/site-packages/pymongo/mongo_client.py"", line 1896, in list_databases
res = admin._retryable_read_command(cmd, session=session)
File ""/opt/virtualenvs/python3/lib/python3.8/site-packages/pymongo/database.py"", line 755, in _retryable_read_command
return self.__client._retryable_read(
File ""/opt/virtualenvs/python3/lib/python3.8/site-packages/pymongo/mongo_client.py"", line 1460, in _retryable_read
server = self._select_server(
File ""/opt/virtualenvs/python3/lib/python3.8/site-packages/pymongo/mongo_client.py"", line 1278, in _select_server
server = topology.select_server(server_selector)
File ""/opt/virtualenvs/python3/lib/python3.8/site-packages/pymongo/topology.py"", line 241, in select_server
return random.choice(self.select_servers(selector,
File ""/opt/virtualenvs/python3/lib/python3.8/site-packages/pymongo/topology.py"", line 199, in select_servers
server_descriptions = self._select_servers_loop(
File ""/opt/virtualenvs/python3/lib/python3.8/site-packages/pymongo/topology.py"", line 215, in _select_servers_loop,raise ServerSelectionTimeoutError(
pymongo.errors.ServerSelectionTimeoutError: connection closed,connection closed,connection closed, Timeout: 30s, Topology Description: <TopologyDescription id: 5f6c28d15aa46e42105998eb, topology_type: ReplicaSetNoPrimary, servers: [<ServerDescription ('cluster-shard-00-00.0g9bt.mongodb.net', 27017) server_type: Unknown, rtt: None, error=AutoReconnect('connection closed')>, <ServerDescription ('cluster-shard-00-01.0g9bt.mongodb.net', 27017) server_type: Unknown, rtt: None, error=AutoReconnect('connection closed')>, <ServerDescription ('cluster-shard-00-02.0g9bt.mongodb.net', 27017) server_type: Unknown, rtt: None, error=AutoReconnect('connection closed')>]>"
"I'm facing a problem when I use AVAudioPlayer and I get This error The operation couldn’t be completed. (OSStatus error 1954115647),OSStatus error 2003334207 when using AVAudioPlayer,The operation couldn’t be completed. (OSStatus error -10827.),audioPlayer error: The operation couldn’t be completed. (OSStatus error 2003334207.),OSStatus error 1685348671 AVAudioPlayer,AVAudioPlayer fails with error “The operation couldn’t be completed. (OSStatus error 2003334207.)”,The operation couldn’t be completed. (OSStatus error -54.)","This function was work, but now it wasn't work,I don't know how this problem happened. Please guide me"
"Error: Cannot find buffer gate in the library,gate level parsing using yosys,error while executing abc in yosys (win32),How to map clock gate to tech library cell,Extending existing cell libraries,Yosys interpret and and not gate as nand for visualization,Yosys: Getting Gates /Transistor count,Mapping of registers to gate level Verilog","While attempting to synthesize with Yosys, I am unable to map the logic circuit using only AND, XOR, NOT, and MUX's. This is because I get an error whenever my liberty file excludes BUFX2:
Error:,BUFX2 in liberty file:,Note that I only get this error when trying to use the command (in yosys),Using the constr file allows me to see critical path timing delays as illustrated by Clifford in ,this, post.,Setting the area of BUFX2 to an extremely large value like 9999999 still makes Yosys include it in the circuit, even when highly un-optimal.,My goal is trying to optimize depth/critical path timing rather than area/total # of gates, but I can not find a way to do that when,To address #2, how should I change the values to reflect XOR gates requiring approximately 0 delay:,Thank you."
"How do you create a JavaCompiler instance for a JDK not on your system?,How do you assert that a certain exception is thrown in JUnit 4 tests?,How do I use JDK6 ToolProvider and JavaCompiler with the context classloader?,How do I create a Java string from the contents of a file?,How to create a generic array in Java?,How can I create an executable JAR with dependencies using Maven?,How do I create a file and write to it in Java?,How to create a memory leak in Java?,No compiler is provided in this environment. Perhaps you are running on a JRE rather than a JDK?,How to set or change the default Java (JDK) version on OS X?","How do you create a ,JavaCompiler, instance not on your system? More specifically, I would like to be able to create a ,JavaCompiler, instance from a version number.,The only techniques I  have seen for creating ,JavaCompiler, instances are,Is there anyway to create a ,JavaCompiler, instance for any Java version?"
"Palindrome of numbers and sum of palindrome numbers in java,What are the differences between a HashMap and a Hashtable in Java?,Is Java “pass-by-reference” or “pass-by-value”?,How to round a number to n decimal places in Java,How to avoid null checking in Java?,How do I read / convert an InputStream into a String in Java?,When to use LinkedList over ArrayList in Java?,How do I generate random integers within a specific range in Java?,What's the simplest way to print a Java array?,How to create a memory leak in Java?,Why is processing a sorted array faster than processing an unsorted array?",Write a program in Java to input ten numbers in an array and display the palindrome numbers in the array. Compute and display the sum of digits of palindrome numbers.
"sudo as user within a python program,How can I represent an 'Enum' in Python?,How do I list all cron jobs for all users?,What do 'real', 'user' and 'sys' mean in the output of time(1)?,Should I put #! (shebang) in Python scripts, and what form should it take?,Best way to convert string to bytes in Python 3?,What is the Python 3 equivalent of “python -m SimpleHTTPServer”,npm throws error without sudo,Relative imports in Python 3,Using Python 3 in virtualenv,Why is “1000000000000000 in range(1000000000000001)” so fast in Python 3?","I am trying to sudo as another user which is generic account in shell , however userid is still same after  su , any idea on how to fix it ?"
"FileProvider is unable to attach file to email client on Android,Sending Email in Android using JavaMail API without using the default/built-in app,How to send emails from my Android application?,Convert file: Uri to File in Android,Download a file with Android, and showing the progress in a ProgressDialog,How to define a circle shape in an Android XML drawable file?,How do you install an APK file in the Android emulator?,What's “tools:context” in Android layout files?,Gallery can't open content uri image file on android 7.0,Android - Unable To Add Email Attachments Using FileProvider,Sending email with attachment using FileProvider","I used to attach a logs file, that I was storing in externalCacheDir, to a mail client.
Using this : ,intent.putExtra(Intent.EXTRA_STREAM, Uri.fromFile(logFile)),However, starting from Android 11 it just stopped working. So I tried using FileProvider. But once the mail client opens it says ""Couldn't attach file"".,I have tried doing everything I could find here on SO and on the internet in general. But I can't seem to find the solution that will actually work.,Activity :,Manifest :,provider_paths :"
"Which IO classes are optimal for socket programming in Java?,What are the differences between a HashMap and a Hashtable in Java?,Is Java “pass-by-reference” or “pass-by-value”?,How do I efficiently iterate over each entry in a Java Map?,Java inner class and static nested class,How to avoid null checking in Java?,How do I read / convert an InputStream into a String in Java?,When to use LinkedList over ArrayList in Java?,How do I generate random integers within a specific range in Java?,How do I convert a String to an int in Java?,How to create a memory leak in Java?","I've been learning about client/server programs in Java and I am overwhelmed with the many different ways of handling reading and writing to and from the server/client. I've listed the options that I've encountered below.,Input Examples,Output Examples,As you can see there are many different options for handling socket IO. Out of all of these approaches, which of them are the best for basic socket IO? Also, please let me know if some of these are dated approaches or if there is a newer, standardized approach that is used these days. Thank you."
"Importing library Utils,How to import a module given the full path?,Importing files from different folder,Unable to install fancyimpute for use in Jupyter,Google colaboratory: Cannot import 'LRN2D' from utils,Cannot use ssd.pytorch package in google colab,Error Arviz not installed Using in Google Colab Pymc3","I am working on image classification and using Google colab for this purpose.
But when I want to import the following modules, it throws an error."
"Why is this logical operator not working?,Why don't self-closing script elements work?,How do JavaScript closures work?,Which equals operator (== vs ===) should be used in JavaScript comparisons?,Is there a “null coalescing” operator in JavaScript?,How does JavaScript .prototype work?,What is the !! (not not) operator in JavaScript?,What is JSONP, and why was it created?,Python's equivalent of && (logical-and) in an if-statement,Why does Google prepend while(1); to their JSON responses?,Why does ++[[]][+[]]+[+[]] return the string “10”?","im using the code,to check where shrimpcook01 is, but im receiving an alert message even though the div's top value is less than 400px."
"Python - Get incoming TAPI calls,How do I merge two dictionaries in a single expression in Python (taking union of dictionaries)?,How to call an external command?,What are metaclasses in Python?,Does Python have a ternary conditional operator?,How to get the current time in Python,How do I get a substring of a string in Python?,How to import other Python files?,Does Python have a string 'contains' substring method?,Creating a singleton in Python,Relative imports in Python 2.7","How to get incoming calls from windows TAPI using Python?,Microsoft has C++ code examples but not Python (,https://docs.microsoft.com/en-us/windows/win32/tapi/code-snippets,)"
"I want to make rotation button in android studio?,Activity restart on rotation Android,How do you close/hide the Android soft keyboard using Java?,How to stop EditText from gaining focus at Activity startup in Android,Is quitting an application frowned upon?,How do I display an alert dialog on Android?,Is there a unique Android device ID?,What is 'Context' on Android?,Proper use cases for Android UserManager.isUserAGoat()?,How to make an Android device vibrate?","I want to make this kind of button with rotation functionality according to section, but I don't know how to design this kind of button in android also how to rotate of this button?"
"Closest facility forward and reverse direction has same route?,Geolocation-based, wireless mesh routing algorithm: useful?,Zend Route Regex Reverse problem with forward slashes,Combinations into pairs,Two routes with the same direction?,Google Maps API v3 Combinatorics: Shortest Route With Many People, Many Locations,Docker Swarm - Network Overlay not connecting all containers,Allow lan segments to ping each other on multihomed router,Azure App Service Environment Connection to Site to Site VPN,GCE Instances inaccessible - connect: Network is unreachable,Routing millions of paths","I have 7 origins and 7 destinations. I used closest facility analysis in ArcMap setting up incident to facility to find 49 routes. I have same route and miles for all my reverse direction. For instance, why I have same route and miles from Halifax to Texas and Texas to Halifax ? Actually I want to add average slope for each route but since for the reverse direction it is used same route, I have same average slope. Did I miss anything when I built my route network ?,Any idea would be appreciated."
"XPage-Page Cant be displayed error after upgrading to Domino 9.0.1 from 8.5.3,Dojo xhrGet with sync:false issue with xe:viewJsonLegacyService and Domino 8.5.3 SP1,XPage Data View add rows not working on server,Proxy from Domino 8.5.3 to Connections,Moving an XPages app from a Domino 8.5.3 to Domino 9.0 - keep Dojo 1.6.1?,xPages extension library 9 designer client to 8.5.x server,Domino 9.0.0 and 9.0.1 Xpage differences in XPiNC,Old dojo version loading after Domino 9.0.1 FP3 upgrade,StackoverflowError when developing XPages in XPiNC V10,XSP Missing Libraries","I have recently started working with Xpages. The sample Xpage which i created in version 8.5.3 is not working after I upgraded the domino to 9.0.1. After the upgrade even a local test page is giving a 404 error. On the server its giving a Page not found error. I have done the below,,seems like I am missing something very obvious. Please enlighten me. Thank you."
"Webpack: How to keep imports as it is in some output files?,How can I upload files asynchronously?,How do I include a JavaScript file in another JavaScript file?,Managing jQuery plugin dependency in webpack,Split Webpack CommonsChunkPlugin Output into Multiple Files,How to use React components from local npm package,Serving static images with Webpack,Webpack fails to find module dirs,Webpack #.bundle.js files","Suppose I have the following entry files in webpack:,With my current webpack configuration:,I get two output files:,However, I would like to have the following:,How can I achieve this?"
"My component doesn't update data after pushing. Observable doesn't work,How does data binding work in AngularJS?,How do I push data from a reactive form to firestore?,Angular HTTP request error: “post valid request”,Why is router.navigate() returning false?,Type 'Observable<>' is missing the following properties from type 'Observable<>': [see below] (error TS2322),file upload using multer middleware with angular 7 mean stack not working","I have the following doubt.,I have 2 components and a service.,one of the components (Component A) displays test records created with a for.,the second component (Component B) is a form for entering more test data.,The data is stored in a collection in the service.,I created an observable to see reflected the changes made to the service in component A.,My problem is that the changes are not updated, but it seems that the push was executed successfully, the data is simply not ""refreshed"".,Service,Component A,Component B"
"Combining SQL Views loses efficency,How do I perform an IF…THEN in an SQL SELECT?,Add a column with a default value to an existing table in SQL Server,How to return only the Date from a SQL Server DateTime datatype,How to check if a column exists in a SQL Server table?,Check if table exists in SQL Server,How to concatenate text from multiple rows into a single text string in SQL server?,LEFT JOIN vs. LEFT OUTER JOIN in SQL Server,How to Join to first row,How do I UPDATE from a SELECT in SQL Server?,How to Delete using INNER JOIN with SQL Server?","I have 3 views:,I also have a temporary table that contains a list of ID values that I'm interested in.  If I do a query between any view and do an inner join with my table of ID values the results are returned almost immediately.,However if I do a combination of any 2 views and an inner join with the temporary table then the results can take much longer (15-25 seconds).,So a two part question: why does combining more than one view take ,SO, much longer, and what's the fix to make it more efficient?,Some additional background information; View2 and View3 columns are sub-quires, simply creating a new view with all of the columns from each of the views becomes even less efficient than it is now.,Thanks"
"how to check if video is played for consecutive 30 seconds irrespective of starting point in javascript?,How do I check if an object has a specific property in JavaScript?,How can I check for an empty/undefined/null string in JavaScript?,How do I check if an array includes a value in JavaScript?,How can you check for a #hash in a URL using JavaScript?,How to check a not-defined variable in JavaScript,How to check if function exists in JavaScript?,How to deal with floating point number precision in JavaScript?,How to check whether a string contains a substring in JavaScript?","I have a video element in html,what I want is to check if video is played for consecutive 30 seconds irrespective of where it starts, to get a count.,How to write javascript for this in here,})"
"stripe api invoice charge is null,Stripe - Additional Invoice Item included on recurring payment,Stripe API refund after subscription cancelled,How to create a charge and a customer in Stripe (Rails),stripe api: multiple plans / subscriptions, single invoice,Charge vs subscription with Stripe,Why is stripe charging an account before invoice created returns,Invoice Id return with null after change using Stripe,Using Stripe Intents API with Billing (recurring subscriptions),Stripe API: get upcoming invoice for cancelled Subscription","Here is my stripe subscription:,when user downgrade ,refund, the unused balance to ,customer through refund.,To create a refund documentation says ,In the API call, include the charge ID to refund.,I tried to get the charge ID from ,subscription.latest_invoice,but charge id is null  ,""charge"": null,"
"Disable payment method Woocommerce,wordpress- woocommerce add an optional product at checkout,WooCommerce checkout payment options fail,Woocommerce: Removing PayPal Fees when Coupon makes the total Zero / 0,Woocommerce: Runtime error when I place order to process payment using bank API,Checkbox field that add / remove a custom fee in WooCommerce,Woocommerce new cart item price not updating","I have added a checkbox in Woocommerce checkout with this,I need to disable the payment method PayPal if this checkbox is NOT checked. If it is checked, PayPal should be enabled. How do I need to adapt my code/add to it?"
"How to connect Lumen framework with Kafka queue,How can I prevent SQL injection in PHP?,How do I get a YouTube video thumbnail from the YouTube API?,How do you parse and process HTML/XML in PHP?,How do I check if a string contains a specific word?,How does PHP 'foreach' actually work?,Can't launch composer update,Laravel 5.0 is having issue with Predis dependency,LARAVEL- how do I install a package that requires a previous version?,laravel php package conflict","I have a project with Lumen framework. Needs to add queue with Kafka, I found only this package(but for laravel) ,laravel-queue-kafka, and tried to install, but I got errors:,Then I removed doctrine inflector and tried to install once more and got:,Maybe anyone have an experience with Lumen and Kafka, or have link for good documentation about this?"
"Xamarin Shell FlyoutItem's tab click event,OnAppearing event firing twice .with tabbed page,Highlight selected tab in Xamarin Forms UWP,Xamarin forms pass clicked item to command as command parameter,How to make Tabbed page of many content page with a scroll menu in Xamarin forms?,Xamarin forms scroll to top of listView which is inside a tabbed page by tapping Tabbed Page Top Bar,How to bring a search tab on top tabbed page in xamarin forms?,Xamarin Forms iOS custom renderer for tabbed page,How to hide Top Navigations Tabs in Shell TabBar Tabs,How to improve loading performance in Tabbed Page xamarin forms,Unable to capture Xamarin ListView GroupHeader click event","Im using Xamarin forms, and on my AppShell, i want 2 tabs, i want to have a clicked event on one of the tabs, so that when clicked on it doesnt load another page but actually execute a function (show an Rg.Popup on top of the current page).,So i need a way to capture the tab clicked event or maybe a command or anything.,here is what i have:"
"Blazor server side: How to upload files in wwwroot folder,Adding Server-Side Blazor to an existing MVC Core app,How to download a file from blazor server side,AddHttpClient in Blazor Server Side,How to implement logging in blazor (Server side - 3.1),Blazor server side upload file > 28.6MB functionality","Hi i want to upload files in wwwroot folder when click save button, can you help me?,Image Code,public async Task Upload(IFileListEntry file)
{
var path = Path.Combine(_oWebHostEnvironment.ContentRootPath, ""UploadFiles"", file.Name);
var memoryStream = new MemoryStream();
await file.Data.CopyToAsync(memoryStream);"
"Appending to list of lists in python,How do I merge two dictionaries in a single expression in Python (taking union of dictionaries)?,How do I check if a list is empty?,What are metaclasses in Python?,Finding the index of an item in a list,What is the difference between Python's list methods append and extend?,How do you split a list into evenly sized chunks?,How to append something to an array?,Does Python have a ternary conditional operator?,How to remove an element from a list by index,How to make a flat list out of list of lists?","I have a list of lists like this:
,a = [['a', 'b', 'c', 'd', 'e'], ['f', 'g', 'h', 'i', 'j']],I have another list like this:
,b = ['t', 'u', 'v', 'x', 'y'],How do I append list ,b, to as the last list of the list of lists ,a,?,When I do ,a+b,, it gives me this:,[['a', 'b', 'c', 'd', 'e'], ['f', 'g', 'h', 'i', 'j'], 't', 'u', 'v', 'x', 'y'],I need
,[['a', 'b', 'c', 'd', 'e'], ['f', 'g', 'h', 'i', 'j'], ['t', 'u', 'v', 'x', 'y']], but after trying append and extend on the original list of lists that doesn't work."
"Why does useEffect only fire if all values in the conditional array change?,What is the difference between state and props in React?,React useEffect Hook when only one of the effect's deps changes, but not the others,useEffect runs infinite loop despite no change in dependencies,React useEffect hook does not fire when prop dependency changes,useEffect optimize, but unable to re-render when the passed array has changed,Why does React's useReducer returns an empty state when the data is present the first time it was fetched on useEffect?,How to handle useEffect only on condition,React useEffect - passing a function in the dependency array,React Hook useEffect has a missing dependency Props,React hooks: why does useEffect need an exhaustive array of dependencies?","I have the following code, which is in a functional component that receives a prop named ,card,:,What I am seeing is that if both ,card.left, ,and, ,card.top, change, this fires. However, if only one of them changes, it does not fire.,This seems to contradict the documentation for ,useEffect,, the way I'm reading it. But more likely I'm doing something wrong here. How can I make this fire when EITHER value changes?"
